date,type,location,estimated_cost
2025-12-29 20:18:18.122452,Light,Warehouse,5643073.20110628
2025-09-23 20:18:18.122452,Light,Warehouse,5291619.982977472
2025-01-09 20:18:18.122452,Heavy,NPS-4,15524540.192616867
2025-08-26 20:18:18.122452,Heavy,NPS-4,12880551.641695876
2025-07-15 20:18:18.122452,Heavy,Drilling,16154559.550661989
2025-12-23 20:18:18.122452,Light,Shop-1,5887342.03753267
2026-02-22 20:18:18.122452,Micro,NPS-4,588986.803718228
2025-12-26 20:18:18.122452,Heavy,Drilling,12911365.183985913
2024-11-26 20:18:18.122452,Micro,NPS-4,450494.0650027702
2025-05-15 20:18:18.122452,Light,Shop-1,5116487.244649937
2025-02-01 20:18:18.122452,Heavy,Shop-1,17707554.89472652
2024-06-19 20:18:18.122452,Micro,NPS-4,415530.17073451617
2026-01-16 20:18:18.122452,Heavy,NPS-4,17640612.559221413
2025-05-21 20:18:18.122452,Micro,Drilling,451291.0133278376
2024-07-08 20:18:18.122452,Micro,NPS-4,513336.73909102386
2024-09-29 20:18:18.122452,Micro,Warehouse,558846.7474443112
2025-11-18 20:18:18.122452,Micro,Shop-1,492474.43182080117
2026-02-18 20:18:18.122452,Heavy,NPS-4,14357236.32838828
2025-12-09 20:18:18.122452,Light,Shop-1,5698082.039806651
2024-04-19 20:18:18.122452,Heavy,NPS-4,14275094.446402105
2024-03-16 20:18:18.122452,Micro,NPS-4,488676.1829778695
2025-03-13 20:18:18.122452,Light,Warehouse,4501342.814325312
2024-05-25 20:18:18.122452,Light,Shop-1,5389192.8008451
2025-01-15 20:18:18.122452,Heavy,NPS-4,14839181.541835718
2025-01-15 20:18:18.122452,Light,Warehouse,4155703.9880022006
2024-11-05 20:18:18.122452,Micro,Shop-1,528425.202536142
2025-09-30 20:18:18.122452,Light,Drilling,5099268.786135104
2025-09-02 20:18:18.122452,Micro,NPS-4,493763.61767201696
2025-08-09 20:18:18.122452,Micro,Warehouse,494408.90666262107
2025-05-24 20:18:18.122452,Light,Warehouse,4658051.849352227
2025-06-15 20:18:18.122452,Micro,NPS-4,474658.28232144826
2025-06-19 20:18:18.122452,Light,Shop-1,5725475.575806877
2025-11-12 20:18:18.122452,Light,Drilling,5086829.912938315
2025-09-27 20:18:18.122452,Light,Drilling,4502647.470974037
2025-05-24 20:18:18.122452,Micro,Shop-1,547055.9970905464
2026-02-09 20:18:18.122452,Micro,NPS-4,568882.9289576455
2026-03-04 20:18:18.122452,Heavy,Shop-1,13487648.436178127
2024-05-21 20:18:18.122452,Micro,Shop-1,474151.5977391739
2024-08-12 20:18:18.122452,Micro,Shop-1,544735.2778527508
2025-08-25 20:18:18.122452,Micro,Shop-1,458295.2706346575
2025-09-05 20:18:18.122452,Light,Warehouse,5858116.707356831
2026-02-04 20:18:18.122452,Light,Warehouse,4981649.673974668
2025-05-18 20:18:18.122452,Micro,NPS-4,538621.3646015328
2025-08-16 20:18:18.122452,Heavy,Drilling,15981458.55094484
2025-01-24 20:18:18.122452,Micro,Drilling,595449.6829244437
2025-10-02 20:18:18.122452,Micro,NPS-4,457666.06613949744
2024-07-03 20:18:18.122452,Micro,Drilling,476776.95111532684
2024-07-26 20:18:18.122452,Micro,NPS-4,536217.6539402193
2025-08-13 20:18:18.122452,Micro,Drilling,456154.239712879
2025-09-06 20:18:18.122452,Light,NPS-4,4089336.032994495
2026-01-11 20:18:18.122452,Light,Warehouse,4734202.921588615
2024-05-22 20:18:18.122452,Micro,Shop-1,441737.86478091433
2025-05-20 20:18:18.122452,Micro,NPS-4,499352.31196556473
2024-03-22 20:18:18.122452,Heavy,Drilling,14751463.85215942
2025-12-20 20:18:18.122452,Light,Shop-1,5223834.299916472
2026-02-10 20:18:18.122452,Micro,Warehouse,489220.0205272786
2024-08-05 20:18:18.122452,Micro,NPS-4,515893.28885072947
2024-10-19 20:18:18.122452,Heavy,Warehouse,14036717.395996854
2025-03-17 20:18:18.122452,Heavy,NPS-4,14859857.378663447
2024-08-28 20:18:18.122452,Heavy,Drilling,15475985.643239684
2025-10-26 20:18:18.122452,Light,Drilling,5483254.6389476275
2025-10-06 20:18:18.122452,Light,NPS-4,4035489.1224096073
2024-08-28 20:18:18.122452,Heavy,NPS-4,14989566.635653215
2025-01-28 20:18:18.122452,Heavy,Drilling,14369999.122363448
2024-11-26 20:18:18.122452,Micro,Warehouse,533746.9606945083
2025-01-20 20:18:18.122452,Light,NPS-4,5624874.170891131
2025-01-09 20:18:18.122452,Light,NPS-4,4003576.7622581865
2025-01-20 20:18:18.122452,Heavy,Warehouse,15830402.86728508
2026-03-08 20:18:18.122452,Micro,NPS-4,406618.0706002668
2025-08-27 20:18:18.122452,Heavy,Shop-1,12943711.062807843
2024-09-27 20:18:18.122452,Light,Shop-1,4181269.8464102345
2024-09-25 20:18:18.122452,Light,Warehouse,5883902.155966873
2024-09-22 20:18:18.122452,Micro,Shop-1,506817.4967209604
2024-05-17 20:18:18.122452,Micro,NPS-4,473943.70060634834
2025-08-28 20:18:18.122452,Light,Drilling,5871643.504987021
2026-03-02 20:18:18.122452,Micro,NPS-4,561468.3011310287
2025-05-14 20:18:18.122452,Micro,Drilling,500795.3870155981
2024-07-12 20:18:18.122452,Light,Drilling,4716204.2819709545
2025-12-29 20:18:18.122452,Heavy,Drilling,12943511.534181288
2024-07-29 20:18:18.122452,Micro,NPS-4,400535.5584475507
2026-02-21 20:18:18.122452,Micro,Drilling,517231.38533680077
2025-07-08 20:18:18.122452,Heavy,Warehouse,12627487.739241254
2025-02-24 20:18:18.122452,Micro,NPS-4,460074.1478413053
2024-11-19 20:18:18.122452,Heavy,Drilling,16105943.253869664
2024-10-01 20:18:18.122452,Micro,Warehouse,569990.2906721913
2025-12-02 20:18:18.122452,Heavy,Drilling,16196428.397588212
2025-02-19 20:18:18.122452,Micro,Drilling,535053.0368376776
2025-10-16 20:18:18.122452,Micro,Shop-1,491951.9736810924
2025-06-23 20:18:18.122452,Micro,Shop-1,571144.9506187746
2024-06-22 20:18:18.122452,Light,Shop-1,4682796.214302866
2024-05-31 20:18:18.122452,Light,Drilling,5452149.463075194
2024-12-05 20:18:18.122452,Heavy,Drilling,13183780.956787843
2024-08-13 20:18:18.122452,Light,Drilling,4080172.8203331265
2024-08-26 20:18:18.122452,Light,Shop-1,5436488.837333254
2024-12-13 20:18:18.122452,Heavy,Drilling,14097739.526534487
2024-05-03 20:18:18.122452,Micro,Shop-1,522914.3559165893
2024-09-25 20:18:18.122452,Micro,NPS-4,524421.9708538953
2025-04-30 20:18:18.122452,Heavy,Drilling,15223258.293288646
2024-10-07 20:18:18.122452,Light,Drilling,4506861.163643814
2026-01-09 20:18:18.122452,Heavy,Warehouse,13505223.085358072
2025-06-18 20:18:18.122452,Light,Shop-1,5922273.149245329
2026-01-23 20:18:18.122452,Heavy,NPS-4,15747495.40362647
2024-10-07 20:18:18.122452,Micro,Shop-1,576985.6296198394
2024-10-13 20:18:18.122452,Heavy,Shop-1,12494455.398564462
2026-01-16 20:18:18.122452,Light,NPS-4,4181953.9519056245
2026-01-25 20:18:18.122452,Micro,NPS-4,562462.9871038074
2025-12-20 20:18:18.122452,Heavy,Shop-1,15170447.920628853
2026-01-02 20:18:18.122452,Heavy,NPS-4,17634487.217000674
2024-11-13 20:18:18.122452,Heavy,Warehouse,12755336.30890885
2025-05-18 20:18:18.122452,Micro,NPS-4,558254.9235289714
2026-01-31 20:18:18.122452,Heavy,NPS-4,17584384.559540275
2024-07-14 20:18:18.122452,Micro,NPS-4,552973.2006397549
2025-05-24 20:18:18.122452,Heavy,Drilling,12345470.736771604
2025-12-25 20:18:18.122452,Micro,Warehouse,401875.4768274106
2025-05-22 20:18:18.122452,Light,Shop-1,4643763.677979357
2025-10-16 20:18:18.122452,Light,Drilling,4107884.286185989
2024-04-26 20:18:18.122452,Heavy,NPS-4,14604415.242552461
2025-03-27 20:18:18.122452,Heavy,Shop-1,17641793.185119513
2025-12-12 20:18:18.122452,Micro,Drilling,516163.7810374776
2024-08-23 20:18:18.122452,Heavy,Drilling,15363748.558836034
2025-07-31 20:18:18.122452,Heavy,NPS-4,13547398.781318834
2025-03-08 20:18:18.122452,Micro,Drilling,480293.4423588234
2026-02-05 20:18:18.122452,Light,NPS-4,5249848.397291177
2025-09-04 20:18:18.122452,Heavy,NPS-4,14345352.138408206
2024-11-04 20:18:18.122452,Light,Drilling,4118265.8714173688
2024-10-16 20:18:18.122452,Micro,NPS-4,527207.6649625178
2024-09-03 20:18:18.122452,Light,NPS-4,5748241.482960765
2026-01-21 20:18:18.122452,Light,Warehouse,5069488.944208697
2025-11-03 20:18:18.122452,Heavy,Shop-1,17360535.543981094
2025-11-09 20:18:18.122452,Light,Shop-1,5063218.403028369
2024-11-19 20:18:18.122452,Micro,NPS-4,533285.8653952966
2024-12-27 20:18:18.122452,Micro,Drilling,524066.5377047582
2024-09-25 20:18:18.122452,Micro,Warehouse,570946.1615914956
2025-03-26 20:18:18.122452,Micro,Shop-1,455539.25849206425
2025-03-12 20:18:18.122452,Light,Warehouse,4650247.530336837
2025-10-05 20:18:18.122452,Heavy,Warehouse,15798877.273964724
2025-06-23 20:18:18.122452,Light,Drilling,5260252.664515633
2025-03-01 20:18:18.122452,Heavy,Drilling,14726836.604643751
2024-08-26 20:18:18.122452,Micro,Drilling,578855.5943766187
2025-12-06 20:18:18.122452,Light,NPS-4,5132143.228183498
2024-11-02 20:18:18.122452,Heavy,Shop-1,15345024.355651421
2025-05-23 20:18:18.122452,Micro,Shop-1,557004.0393707177
2024-05-25 20:18:18.122452,Micro,Drilling,430585.8114291505
2024-09-18 20:18:18.122452,Micro,NPS-4,448968.00783984165
2024-08-16 20:18:18.122452,Heavy,NPS-4,14802508.908936338
2026-03-06 20:18:18.122452,Micro,Drilling,576494.1923275131
2025-08-05 20:18:18.122452,Heavy,Warehouse,15521654.63783999
2024-12-17 20:18:18.122452,Micro,Drilling,403719.9293847106
2025-11-03 20:18:18.122452,Heavy,Shop-1,15976137.116047878
2025-10-08 20:18:18.122452,Micro,Drilling,567455.2434773457
2025-03-31 20:18:18.122452,Light,Drilling,4202084.168082198
2024-12-19 20:18:18.122452,Micro,Drilling,490880.66677764454
2025-08-26 20:18:18.122452,Heavy,Drilling,16477111.882257039
2025-10-22 20:18:18.122452,Light,Shop-1,4621816.3608085625
2024-11-16 20:18:18.122452,Heavy,NPS-4,14425498.70102171
2025-12-20 20:18:18.122452,Light,Drilling,4217301.021751154
2024-08-02 20:18:18.122452,Heavy,Warehouse,12303477.612023113
2024-09-05 20:18:18.122452,Light,Shop-1,5442972.882997691
2026-02-10 20:18:18.122452,Micro,Warehouse,410919.31298290513
2025-10-07 20:18:18.122452,Light,NPS-4,4743726.998419323
2025-07-27 20:18:18.122452,Heavy,Warehouse,12619555.458932795
2025-03-08 20:18:18.122452,Heavy,Shop-1,14823373.456081217
2024-12-16 20:18:18.122452,Light,Warehouse,4686521.225110552
2025-02-15 20:18:18.122452,Light,Shop-1,5182264.6809883285
2026-03-06 20:18:18.122452,Micro,Warehouse,444091.2136150952
2025-12-24 20:18:18.122452,Light,Warehouse,4504379.607835133
2025-04-08 20:18:18.122452,Heavy,Drilling,17719231.371791728
2025-10-15 20:18:18.122452,Light,Warehouse,5286889.55834622
2024-08-16 20:18:18.122452,Micro,NPS-4,510462.64498779795
2024-04-26 20:18:18.122452,Light,Warehouse,5303267.950116918
2025-01-07 20:18:18.122452,Light,Warehouse,5524797.093908137
2026-01-31 20:18:18.122452,Micro,Warehouse,455297.60130335245
2026-02-06 20:18:18.122452,Micro,Warehouse,516081.5174314751
2024-12-30 20:18:18.122452,Heavy,Warehouse,15271854.548472311
2025-02-22 20:18:18.122452,Heavy,Warehouse,16558395.773945848
2025-10-14 20:18:18.122452,Heavy,NPS-4,16657452.040037323
2024-12-06 20:18:18.122452,Light,Drilling,4649495.35949705
2025-04-23 20:18:18.122452,Micro,Warehouse,476620.6848643078
2025-05-27 20:18:18.122452,Heavy,Drilling,17155458.38460276
2025-07-18 20:18:18.122452,Heavy,Drilling,17831003.573058825
2025-01-24 20:18:18.122452,Micro,Drilling,588377.499274733
2026-03-06 20:18:18.122452,Light,Drilling,5416193.359661596
2025-04-07 20:18:18.122452,Micro,Drilling,553036.6076603461
2025-08-25 20:18:18.122452,Micro,Warehouse,447152.4074524205
2025-12-24 20:18:18.122452,Light,Shop-1,5130833.406553832
2024-04-08 20:18:18.122452,Light,Warehouse,5893559.180000498
2025-07-01 20:18:18.122452,Light,Warehouse,4478404.011909123
2024-10-05 20:18:18.122452,Heavy,NPS-4,17905733.688669987
2025-02-21 20:18:18.122452,Micro,Drilling,413484.66126721463
2026-02-04 20:18:18.122452,Light,Drilling,4836592.827335847
2025-07-26 20:18:18.122452,Light,Drilling,5107625.757526534
2025-04-12 20:18:18.122452,Micro,Drilling,528593.079306072
2025-12-19 20:18:18.122452,Heavy,Shop-1,17697263.83872238
2025-02-03 20:18:18.122452,Heavy,NPS-4,12885935.314858157
2025-02-02 20:18:18.122452,Micro,Drilling,400274.5305055171
2024-12-10 20:18:18.122452,Light,Warehouse,5011756.044023507
2025-03-08 20:18:18.122452,Heavy,Drilling,15789683.318062117
2025-10-02 20:18:18.122452,Light,Drilling,5687790.431907805
2024-08-01 20:18:18.122452,Micro,Drilling,573905.9628606213
2025-07-02 20:18:18.122452,Micro,NPS-4,522130.66240110283
2025-04-06 20:18:18.122452,Heavy,Shop-1,16504456.086478002
2024-07-12 20:18:18.122452,Light,NPS-4,5042600.673277959
2024-04-24 20:18:18.122452,Light,Warehouse,4272421.89663472
2025-04-15 20:18:18.122452,Heavy,Warehouse,14290654.516764028
2025-08-01 20:18:18.122452,Light,Shop-1,5065876.823514233
2025-10-21 20:18:18.122452,Light,Drilling,5281416.6457107235
2026-01-11 20:18:18.122452,Heavy,Warehouse,15063657.33466382
2024-12-03 20:18:18.122452,Micro,Warehouse,563127.2702126349
2024-11-15 20:18:18.122452,Micro,Drilling,467467.57919198635
2024-09-25 20:18:18.122452,Heavy,NPS-4,15588649.673748143
2026-01-15 20:18:18.122452,Light,Warehouse,5999662.830138239
2025-11-26 20:18:18.122452,Heavy,Shop-1,15751755.667122884
2024-10-19 20:18:18.122452,Light,Warehouse,4675175.891330542
2026-01-22 20:18:18.122452,Micro,NPS-4,435938.2583990908
2025-05-31 20:18:18.122452,Micro,Shop-1,438283.9968048414
2025-02-26 20:18:18.122452,Heavy,Shop-1,15146654.101740278
2024-08-08 20:18:18.122452,Heavy,NPS-4,17594272.164811857
2025-09-15 20:18:18.122452,Micro,NPS-4,563194.9147993281
2025-10-21 20:18:18.122452,Micro,Drilling,581000.1686575254
2024-09-27 20:18:18.122452,Micro,Drilling,522224.82108778646
2024-04-21 20:18:18.122452,Micro,Drilling,474511.43483732804
2025-02-12 20:18:18.122452,Light,Warehouse,4113704.8843699945
2026-01-18 20:18:18.122452,Light,Shop-1,4682214.486404507
2026-02-28 20:18:18.122452,Light,Shop-1,4433105.7060919
2026-02-13 20:18:18.122452,Micro,Warehouse,523503.3503370062
2025-06-20 20:18:18.122452,Micro,Drilling,516390.06476836524
2025-03-16 20:18:18.122452,Micro,Shop-1,403652.7597885248
2024-10-05 20:18:18.122452,Heavy,NPS-4,15141549.806639496
2026-03-04 20:18:18.122452,Micro,NPS-4,597055.1437913012
2025-09-12 20:18:18.122452,Heavy,NPS-4,13947573.076764695
2025-08-03 20:18:18.122452,Heavy,Warehouse,12461658.382808434
2025-09-13 20:18:18.122452,Light,Warehouse,4405347.065626949
2025-10-29 20:18:18.122452,Light,Shop-1,5657558.560252362
2024-07-15 20:18:18.122452,Heavy,Shop-1,17410802.158812623
2025-09-11 20:18:18.122452,Heavy,Drilling,12446775.922448197
2026-02-27 20:18:18.122452,Light,Drilling,4061178.131602649
2024-03-18 20:18:18.122452,Light,Shop-1,4173366.8043784657
2024-11-14 20:18:18.122452,Light,Drilling,4039804.7463489096
2025-11-15 20:18:18.122452,Micro,Warehouse,586893.3459605165
2025-08-17 20:18:18.122452,Micro,Drilling,440499.58477936964
2025-06-22 20:18:18.122452,Heavy,Warehouse,14122192.723320568
2025-04-26 20:18:18.122452,Micro,Shop-1,533843.7099691697
2025-01-20 20:18:18.122452,Light,Warehouse,5207456.04515307
2026-02-03 20:18:18.122452,Micro,NPS-4,436244.01579618326
2025-08-23 20:18:18.122452,Heavy,Drilling,17857241.167862456
2025-04-03 20:18:18.122452,Heavy,Drilling,17953000.442705635
2025-03-11 20:18:18.122452,Micro,Warehouse,462118.562449908
2024-09-11 20:18:18.122452,Heavy,Warehouse,16185846.939215483
2024-05-10 20:18:18.122452,Light,Warehouse,4149412.5237652347
2025-01-24 20:18:18.122452,Heavy,Warehouse,12219466.743788712
2024-04-22 20:18:18.122452,Light,Shop-1,4105945.7952515315
2024-03-31 20:18:18.122452,Heavy,Warehouse,16898280.949117176
2026-02-28 20:18:18.122452,Heavy,Drilling,13502633.940554867
2024-09-13 20:18:18.122452,Micro,Warehouse,484712.28284359723
2025-12-24 20:18:18.122452,Light,Shop-1,4955067.610799379
2026-02-21 20:18:18.122452,Heavy,NPS-4,16541932.850752011
2025-05-06 20:18:18.122452,Micro,NPS-4,406375.2764907478
2024-05-09 20:18:18.122452,Light,Drilling,5301426.854746165
2025-03-01 20:18:18.122452,Micro,NPS-4,442012.98917737417
2025-04-26 20:18:18.122452,Micro,Drilling,519393.4025547545
2025-11-05 20:18:18.122452,Micro,Shop-1,577123.9719622956
2024-07-31 20:18:18.122452,Heavy,Warehouse,12292027.215648428
2024-08-10 20:18:18.122452,Light,NPS-4,4800583.929289684
2025-07-05 20:18:18.122452,Micro,Warehouse,518786.7832015821
2024-05-14 20:18:18.122452,Light,NPS-4,4842066.983973136
2024-06-20 20:18:18.122452,Light,Shop-1,5646387.066601627
2026-01-31 20:18:18.122452,Micro,Shop-1,429145.71264653053
2024-11-22 20:18:18.122452,Micro,NPS-4,473001.3568383229
2025-04-12 20:18:18.122452,Light,Shop-1,4684003.523386212
2024-06-20 20:18:18.122452,Light,Warehouse,5800313.583023333
2025-02-19 20:18:18.122452,Heavy,Shop-1,14287212.629012616
2025-06-26 20:18:18.122452,Micro,Drilling,405553.78678245906
2025-03-29 20:18:18.122452,Light,Warehouse,4412953.645397074
2025-05-30 20:18:18.122452,Heavy,Shop-1,17362888.48393314
2025-07-19 20:18:18.122452,Micro,Shop-1,491273.9426570996
2025-01-15 20:18:18.122452,Heavy,NPS-4,17442154.725014653
2024-11-29 20:18:18.122452,Micro,NPS-4,445900.70503291895
2024-07-03 20:18:18.122452,Light,Shop-1,4506592.554703626
2025-05-28 20:18:18.122452,Micro,Drilling,586722.4307512016
2024-11-16 20:18:18.122452,Heavy,NPS-4,12349073.12006534
2026-01-08 20:18:18.122452,Light,NPS-4,5751201.388959892
2025-12-25 20:18:18.122452,Micro,Warehouse,443718.61085285136
2026-03-08 20:18:18.122452,Light,NPS-4,5919211.4064766755
2025-01-08 20:18:18.122452,Micro,Warehouse,559415.1730091564
2025-04-28 20:18:18.122452,Micro,NPS-4,462871.4745398624
2024-12-03 20:18:18.122452,Micro,NPS-4,421625.9002830859
2025-09-17 20:18:18.122452,Heavy,Drilling,15240721.068993941
2025-04-09 20:18:18.122452,Micro,Drilling,559519.5582437651
2024-03-21 20:18:18.122452,Heavy,Shop-1,17587630.35834824
2024-12-05 20:18:18.122452,Light,Drilling,5247876.786865333
2024-11-30 20:18:18.122452,Heavy,NPS-4,13401116.583659897
2024-10-08 20:18:18.122452,Micro,NPS-4,440200.9284495179
2024-12-24 20:18:18.122452,Light,Warehouse,4810321.576112015
2024-11-17 20:18:18.122452,Light,Shop-1,4855229.297434814
2025-01-29 20:18:18.122452,Heavy,Shop-1,17563840.613073215
2025-10-07 20:18:18.122452,Micro,NPS-4,579808.5756368007
2024-08-07 20:18:18.122452,Light,Shop-1,5081143.214578438
2025-03-19 20:18:18.122452,Heavy,Warehouse,12233892.890053434
2025-10-24 20:18:18.122452,Heavy,Drilling,15660999.54064879
2026-03-06 20:18:18.122452,Light,Warehouse,5425878.127318949
2025-03-21 20:18:18.122452,Micro,Shop-1,569734.1504503739
2024-07-03 20:18:18.122452,Heavy,Drilling,14649327.125783017
2026-03-04 20:18:18.122452,Micro,Warehouse,563805.3406773595
2024-12-30 20:18:18.122452,Heavy,Drilling,14859355.499226796
2025-12-28 20:18:18.122452,Heavy,Warehouse,12378496.305677077
2026-03-06 20:18:18.122452,Heavy,Drilling,16588794.863258712
2024-06-14 20:18:18.122452,Micro,Warehouse,518193.82325865194
2024-04-22 20:18:18.122452,Heavy,Drilling,16936908.186957683
2024-03-18 20:18:18.122452,Heavy,Warehouse,12465533.28890099
2025-07-25 20:18:18.122452,Light,NPS-4,5692259.028892525
2025-02-22 20:18:18.122452,Heavy,Drilling,16007494.62601748
2025-10-08 20:18:18.122452,Light,Drilling,4096532.6764628245
2026-01-01 20:18:18.122452,Heavy,NPS-4,14547050.444142077
2024-08-05 20:18:18.122452,Light,Shop-1,4134074.010970079
2025-09-05 20:18:18.122452,Heavy,Warehouse,13336127.408979995
2025-09-30 20:18:18.122452,Light,Drilling,5989987.099802483
2025-10-29 20:18:18.122452,Heavy,Warehouse,14323156.295881242
2024-04-11 20:18:18.122452,Heavy,NPS-4,15583203.783864008
2024-11-13 20:18:18.122452,Micro,Warehouse,571295.5553086984
2025-06-12 20:18:18.122452,Micro,Drilling,582311.3173199691
2026-03-02 20:18:18.122452,Light,Drilling,5790267.207503354
2024-08-12 20:18:18.122452,Light,NPS-4,5895498.2652458185
2026-02-04 20:18:18.122452,Heavy,Shop-1,16926875.826341584
2026-01-15 20:18:18.122452,Light,Drilling,4743678.966990359
2024-11-14 20:18:18.122452,Light,Shop-1,5693009.26192962
2025-02-21 20:18:18.122452,Heavy,NPS-4,17267623.967950597
2024-12-20 20:18:18.122452,Light,Shop-1,5305832.724717048
2025-08-05 20:18:18.122452,Light,Warehouse,4593104.859625299
2024-08-21 20:18:18.122452,Light,Warehouse,4684538.496646965
2025-01-30 20:18:18.122452,Light,Drilling,5999838.340048349
2025-04-19 20:18:18.122452,Light,Warehouse,5977343.508008671
2024-05-23 20:18:18.122452,Heavy,NPS-4,13939626.338895269
2025-12-16 20:18:18.122452,Light,Shop-1,5159370.749824871
2024-09-18 20:18:18.122452,Light,NPS-4,4092060.4508394254
2024-04-20 20:18:18.122452,Micro,NPS-4,403149.0057267805
2026-01-05 20:18:18.122452,Heavy,Drilling,13156840.565167582
2025-03-30 20:18:18.122452,Micro,Drilling,416771.77102363063
2024-12-05 20:18:18.122452,Heavy,Warehouse,16099061.281232039
2026-01-17 20:18:18.122452,Light,NPS-4,4184412.0443530134
2025-07-29 20:18:18.122452,Micro,Shop-1,486852.1180984795
2024-09-29 20:18:18.122452,Light,Drilling,4402114.324081991
2024-11-06 20:18:18.122452,Light,NPS-4,4903046.544704723
2024-06-02 20:18:18.122452,Micro,NPS-4,458702.9480070138
2025-09-09 20:18:18.122452,Light,Shop-1,5125055.163310014
2025-02-19 20:18:18.122452,Micro,Warehouse,400572.2696218969
2025-11-10 20:18:18.122452,Micro,NPS-4,485666.6020239464
2025-10-31 20:18:18.122452,Micro,Shop-1,419178.1462835357
2024-05-04 20:18:18.122452,Light,Drilling,5956118.412694802
2025-10-14 20:18:18.122452,Micro,Warehouse,500426.864511864
2025-10-06 20:18:18.122452,Heavy,Shop-1,12644853.020456178
2025-01-19 20:18:18.122452,Micro,Shop-1,492231.52062635147
2025-03-10 20:18:18.122452,Micro,NPS-4,586171.1940189629
2025-07-23 20:18:18.122452,Micro,NPS-4,423713.1582327811
2025-11-16 20:18:18.122452,Heavy,Shop-1,16700672.451500442
2025-02-15 20:18:18.122452,Heavy,Shop-1,16808101.20929436
2024-06-28 20:18:18.122452,Light,Warehouse,4269813.974256825
2025-01-28 20:18:18.122452,Heavy,Shop-1,12267373.745292898
2025-01-02 20:18:18.122452,Micro,Shop-1,553071.7443892072
2024-08-24 20:18:18.122452,Micro,NPS-4,502196.1603462406
2025-03-24 20:18:18.122452,Micro,Shop-1,541478.6886865477
2026-03-05 20:18:18.122452,Light,Shop-1,4902200.275953678
2024-07-23 20:18:18.122452,Heavy,Warehouse,14692674.177973129
2025-09-06 20:18:18.122452,Heavy,Warehouse,15229153.12870285
2025-04-27 20:18:18.122452,Micro,NPS-4,465857.5012850417
2024-06-03 20:18:18.122452,Micro,Shop-1,593830.44785208
2025-01-31 20:18:18.122452,Light,Warehouse,5602031.483321362
2025-10-27 20:18:18.122452,Heavy,Drilling,15647169.877766915
2025-11-23 20:18:18.122452,Light,NPS-4,4517224.838486218
2024-10-04 20:18:18.122452,Heavy,Drilling,17369004.82144144
2024-05-15 20:18:18.122452,Light,NPS-4,5147657.550181763
2025-12-15 20:18:18.122452,Micro,Shop-1,420253.8923816366
2025-02-07 20:18:18.122452,Micro,Drilling,489009.51829916553
2026-01-27 20:18:18.122452,Heavy,Warehouse,15951538.127526429
2025-08-18 20:18:18.122452,Micro,Drilling,485198.1413559888
2025-10-07 20:18:18.122452,Heavy,Shop-1,15818153.520252466
2025-09-28 20:18:18.122452,Micro,Drilling,564072.0708954037
2025-12-18 20:18:18.122452,Light,Drilling,5266652.926336602
2025-03-04 20:18:18.122452,Heavy,Shop-1,16764275.658412185
2025-03-20 20:18:18.122452,Heavy,NPS-4,15735158.322443187
2025-08-03 20:18:18.122452,Micro,Warehouse,545675.3236901239
2025-11-19 20:18:18.122452,Heavy,NPS-4,15181292.247922681
2025-04-01 20:18:18.122452,Heavy,NPS-4,12829439.081719102
2024-10-21 20:18:18.122452,Light,Drilling,5979602.758401727
2024-09-04 20:18:18.122452,Light,Shop-1,4240970.938864756
2026-02-27 20:18:18.122452,Light,Drilling,5384438.7281266805
2024-07-22 20:18:18.122452,Heavy,NPS-4,16599171.341902513
2025-01-25 20:18:18.122452,Micro,Drilling,596979.6545247177
2024-05-06 20:18:18.122452,Micro,Drilling,409834.0538208575
2024-08-25 20:18:18.122452,Light,Warehouse,5966489.694525993
2025-06-19 20:18:18.122452,Micro,NPS-4,482208.04222104367
2026-03-01 20:18:18.122452,Micro,NPS-4,431109.5615205301
2024-04-04 20:18:18.122452,Light,Shop-1,5071996.466146894
2025-07-25 20:18:18.122452,Micro,NPS-4,465663.4159112075
2025-05-06 20:18:18.122452,Micro,Warehouse,483050.60458339995
2025-03-22 20:18:18.122452,Micro,Shop-1,472680.6553409961
2025-03-09 20:18:18.122452,Micro,NPS-4,403056.99017505016
2024-09-27 20:18:18.122452,Light,Warehouse,4739940.365311724
2024-03-25 20:18:18.122452,Heavy,Drilling,16495475.238466028
2025-04-06 20:18:18.122452,Light,NPS-4,5080762.8129256945
2025-07-31 20:18:18.122452,Micro,Drilling,514334.1982568098
2025-07-18 20:18:18.122452,Micro,Warehouse,467111.37491069746
2026-01-24 20:18:18.122452,Heavy,Shop-1,15600217.049584612
2025-01-02 20:18:18.122452,Micro,Warehouse,567126.1800247498
2025-04-07 20:18:18.122452,Micro,NPS-4,431302.4201646827
2024-05-11 20:18:18.122452,Heavy,NPS-4,13739876.67486867
2025-07-22 20:18:18.122452,Light,NPS-4,4752662.625785291
2025-11-08 20:18:18.122452,Micro,Drilling,545758.3265575896
2026-02-25 20:18:18.122452,Micro,NPS-4,546800.4633785231
2024-05-31 20:18:18.122452,Light,Warehouse,4578353.151041956
2025-02-03 20:18:18.122452,Micro,NPS-4,488351.2933548692
2024-11-26 20:18:18.122452,Micro,Shop-1,421388.14426040347
2025-08-11 20:18:18.122452,Micro,Shop-1,487006.1995248597
2025-01-23 20:18:18.122452,Light,Warehouse,5383868.425090231
2024-11-24 20:18:18.122452,Heavy,NPS-4,14726082.77717523
2024-10-01 20:18:18.122452,Micro,Drilling,433403.13870763767
2025-08-08 20:18:18.122452,Light,Shop-1,4463703.951183807
2024-12-02 20:18:18.122452,Heavy,NPS-4,16340246.349392598
2025-09-18 20:18:18.122452,Micro,Warehouse,471819.7613271414
2025-07-14 20:18:18.122452,Heavy,Warehouse,12478973.774721414
2024-07-21 20:18:18.122452,Micro,Shop-1,571746.5476225277
2026-01-15 20:18:18.122452,Light,Shop-1,5272241.910946687
2024-03-25 20:18:18.122452,Light,Warehouse,4558917.380459873
2024-11-06 20:18:18.122452,Heavy,Shop-1,12170274.137428839
2024-03-18 20:18:18.122452,Micro,NPS-4,417464.4553735179
2025-11-01 20:18:18.122452,Light,Shop-1,4876820.306464196
2024-07-13 20:18:18.122452,Heavy,Warehouse,13458452.479420234
2026-02-01 20:18:18.122452,Light,Warehouse,5889975.9973526895
2025-08-08 20:18:18.122452,Heavy,Drilling,14093128.986784454
2024-10-23 20:18:18.122452,Light,Drilling,4756198.540609335
2025-10-20 20:18:18.122452,Micro,Warehouse,541201.9874234429
2026-03-07 20:18:18.122452,Light,NPS-4,5134346.580546769
2024-11-24 20:18:18.122452,Heavy,Warehouse,15713100.07171663
2025-03-13 20:18:18.122452,Heavy,Drilling,13852229.2817662
2025-01-01 20:18:18.122452,Heavy,NPS-4,15976208.460984543
2025-12-12 20:18:18.122452,Light,NPS-4,5263089.095871351
2024-08-06 20:18:18.122452,Light,Drilling,4124458.72518973
2025-02-16 20:18:18.122452,Heavy,Shop-1,14688250.021982078
2025-06-01 20:18:18.122452,Micro,Drilling,409166.5219829582
2025-04-17 20:18:18.122452,Light,Drilling,5954465.675053464
2024-08-08 20:18:18.122452,Micro,NPS-4,504336.9815914235
2024-10-30 20:18:18.122452,Light,Drilling,5118720.799524514
2026-02-26 20:18:18.122452,Light,NPS-4,5826003.523916603
2025-03-13 20:18:18.122452,Light,Shop-1,4443280.403752347
2026-03-04 20:18:18.122452,Heavy,NPS-4,16934632.04437117
2025-11-29 20:18:18.122452,Micro,Warehouse,434399.2295454744
2025-10-09 20:18:18.122452,Heavy,Warehouse,16162900.93403409
2025-09-16 20:18:18.122452,Heavy,NPS-4,16231466.906683873
2024-11-27 20:18:18.122452,Heavy,Shop-1,13129310.985472383
2025-08-24 20:18:18.122452,Micro,Warehouse,538655.7979955681
2024-04-10 20:18:18.122452,Light,Shop-1,4457793.346954295
2025-10-07 20:18:18.122452,Heavy,Warehouse,13770648.416983005
2025-12-22 20:18:18.122452,Light,Warehouse,5015504.719990002
2025-11-14 20:18:18.122452,Light,Drilling,4300219.478022336
2025-11-22 20:18:18.122452,Micro,Shop-1,522833.31737775606
2024-11-11 20:18:18.122452,Light,Shop-1,4436943.437781395
2026-02-10 20:18:18.122452,Heavy,Warehouse,12077045.516935917
2025-12-18 20:18:18.122452,Micro,Drilling,449613.415036883
2024-09-24 20:18:18.122452,Heavy,Warehouse,13234854.756931778
2024-12-03 20:18:18.122452,Heavy,Shop-1,16812864.433348365
2025-09-06 20:18:18.122452,Micro,NPS-4,573308.4130654706
2025-05-10 20:18:18.122452,Light,NPS-4,4425681.488273022
2024-04-22 20:18:18.122452,Heavy,Shop-1,14747420.471570233
2025-12-18 20:18:18.122452,Heavy,Warehouse,14061434.151586622
2024-11-19 20:18:18.122452,Heavy,Drilling,16283727.621561872
2024-06-05 20:18:18.122452,Micro,Warehouse,591258.1780272985
2025-10-03 20:18:18.122452,Heavy,Shop-1,17401467.1726434
2025-08-27 20:18:18.122452,Light,NPS-4,4750119.707333094
2024-06-01 20:18:18.122452,Heavy,Warehouse,16104661.006184896
2024-03-12 20:18:18.122452,Heavy,Drilling,16431902.80826324
2026-01-28 20:18:18.122452,Micro,Shop-1,477566.9524177619
2025-05-22 20:18:18.122452,Heavy,Shop-1,13047917.792816093
2024-07-27 20:18:18.122452,Heavy,NPS-4,12879837.642922828
2024-04-19 20:18:18.122452,Light,Warehouse,4186518.842939367
2025-10-03 20:18:18.122452,Heavy,NPS-4,13839752.52592895
2026-03-01 20:18:18.122452,Micro,NPS-4,516993.65121826925
2025-07-15 20:18:18.122452,Heavy,Warehouse,17525316.08514115
2024-08-24 20:18:18.122452,Heavy,Warehouse,16627748.426555159
2025-09-17 20:18:18.122452,Micro,Shop-1,487498.48997752974
2025-09-12 20:18:18.122452,Light,NPS-4,4794003.425829664
2025-07-18 20:18:18.122452,Micro,Drilling,422129.4803636318
2025-12-24 20:18:18.122452,Heavy,Shop-1,14741844.930024883
2025-03-10 20:18:18.122452,Micro,NPS-4,406277.3710432276
2024-04-28 20:18:18.122452,Light,NPS-4,4893251.213150922
2025-11-26 20:18:18.122452,Light,Drilling,5872745.646874619
2025-10-20 20:18:18.122452,Heavy,Warehouse,16978619.0359343
2026-01-14 20:18:18.122452,Light,Shop-1,4845917.274852905
2025-02-07 20:18:18.122452,Light,Warehouse,4258047.489459855
2025-08-15 20:18:18.122452,Micro,Warehouse,409679.3771113222
2025-06-24 20:18:18.122452,Micro,Drilling,592664.776109497
2025-04-27 20:18:18.122452,Micro,NPS-4,533053.5556698288
2024-08-22 20:18:18.122452,Light,Shop-1,5315118.800482085
2024-08-05 20:18:18.122452,Light,Drilling,4654662.770008753
2025-07-14 20:18:18.122452,Heavy,Warehouse,17316790.32595006
2026-02-16 20:18:18.122452,Heavy,NPS-4,13273825.61136451
2025-08-13 20:18:18.122452,Light,Drilling,5611684.279638562
2024-07-17 20:18:18.122452,Heavy,Warehouse,17576114.58168553
2024-10-04 20:18:18.122452,Light,Warehouse,4732739.115623851
2025-10-06 20:18:18.122452,Light,Warehouse,5823543.704413386
2025-08-24 20:18:18.122452,Micro,Warehouse,482051.2457751235
2025-06-26 20:18:18.122452,Light,Warehouse,4503945.448286943
2026-01-18 20:18:18.122452,Heavy,Warehouse,15950342.00475984
2025-09-10 20:18:18.122452,Light,NPS-4,5191863.36460489
2025-07-29 20:18:18.122452,Micro,Drilling,417887.7177503918
2024-04-04 20:18:18.122452,Heavy,NPS-4,15261114.383614466
2026-01-23 20:18:18.122452,Heavy,Warehouse,12356308.943706155
2024-10-08 20:18:18.122452,Micro,Shop-1,538801.2136932992
2025-05-12 20:18:18.122452,Light,Shop-1,4911703.538102626
2025-07-23 20:18:18.122452,Heavy,Warehouse,14319986.519580219
2025-04-05 20:18:18.122452,Heavy,Shop-1,16888789.82352374
2025-09-25 20:18:18.122452,Light,Shop-1,5707368.149088006
2024-08-04 20:18:18.122452,Heavy,Drilling,12651511.723698575
2025-02-22 20:18:18.122452,Light,NPS-4,5484361.684994153
2025-07-11 20:18:18.122452,Light,Drilling,5255255.7433537925
2024-09-01 20:18:18.122452,Heavy,Warehouse,17947872.730912574
2025-07-28 20:18:18.122452,Heavy,Drilling,15723270.897157287
2024-09-29 20:18:18.122452,Heavy,Shop-1,12375587.04420173
2024-09-17 20:18:18.122452,Heavy,Warehouse,12179118.597909734
2025-04-30 20:18:18.122452,Light,NPS-4,5384646.369317195
2025-08-06 20:18:18.122452,Heavy,Drilling,16732629.089699069
2025-04-16 20:18:18.122452,Heavy,Shop-1,12226932.574830472
2026-01-25 20:18:18.122452,Heavy,NPS-4,15258083.92389318
2024-08-19 20:18:18.122452,Micro,Drilling,563726.8038802635
2025-07-20 20:18:18.122452,Light,Warehouse,4011162.3084202847
2025-10-10 20:18:18.122452,Light,NPS-4,4233911.071283824
2024-04-15 20:18:18.122452,Micro,Warehouse,593560.3475103207
2025-10-19 20:18:18.122452,Heavy,Drilling,13544718.64826007
2026-01-27 20:18:18.122452,Light,Drilling,4389757.411273648
2025-08-16 20:18:18.122452,Micro,Drilling,431305.5239355753
2025-07-28 20:18:18.122452,Heavy,Warehouse,14649667.47318098
2025-03-06 20:18:18.122452,Micro,Warehouse,458165.6517274954
2025-02-01 20:18:18.122452,Micro,NPS-4,531898.6362132059
2024-10-09 20:18:18.122452,Heavy,NPS-4,13160571.67179622
2025-08-17 20:18:18.122452,Heavy,Shop-1,13482926.083210705
2025-12-13 20:18:18.122452,Light,Shop-1,5298108.567905725
2025-12-02 20:18:18.122452,Micro,Drilling,481565.90281721274
2026-03-02 20:18:18.122452,Heavy,Drilling,14230160.77336913
2025-01-09 20:18:18.122452,Micro,Shop-1,576932.6054615425
2024-03-17 20:18:18.122452,Heavy,Warehouse,16106188.009572726
2024-09-19 20:18:18.122452,Heavy,NPS-4,15343017.509329129
2025-12-11 20:18:18.122452,Heavy,Drilling,14473653.196069023
2024-05-07 20:18:18.122452,Micro,Warehouse,496754.23065693246
2026-02-21 20:18:18.122452,Micro,NPS-4,559376.3603881325
2024-09-18 20:18:18.122452,Heavy,NPS-4,17767939.73877489
2025-12-10 20:18:18.122452,Light,Drilling,4450438.513676091
2025-02-10 20:18:18.122452,Light,NPS-4,5021172.806113923
2025-07-01 20:18:18.122452,Micro,Warehouse,495319.1755927477
2025-03-17 20:18:18.122452,Heavy,Drilling,17962957.177714083
2025-03-11 20:18:18.122452,Micro,NPS-4,531678.2491069209
2024-07-22 20:18:18.122452,Light,NPS-4,4628951.06261758
2025-08-20 20:18:18.122452,Light,Warehouse,4504172.556742482
